<?xml version="1.0" encoding="utf-8"?>
<regstore>
  <baseinfo explain="基本信息">
  </baseinfo>
  <configTipInfo  explain="配置提示信息">
    <Reset describe="Restore equipment factory configuration">恢复设备出厂配置</Reset>
    <Sleep describe="The device goes to sleep">设备进入休眠</Sleep>
    <Alarm describe="Set the angle alarm of equipment" show_url="">设置设备角度报警</Alarm>
    <Algrithm describe="Set algorithm" show_url="">设置算法</Algrithm>
    <InstallDirection describe="Set installation direction" show_url="">设置安装方向</InstallDirection>
    <Accelration describe="Acceleration calibration" show_url="">加速度校准</Accelration>
    <MagneticFiled describe="Magnetic field calibration" show_url="">磁场校准</MagneticFiled>
    <ResetHeight describe="Set the height" show_url="">设置高度</ResetHeight>
    <AngleReference describe="Set angle reference" show_url="">设置角度参考</AngleReference>
    <ResetZaxisAngle describe="Set the z-axis angle to zero" show_url="">设置Z轴角度为零</ResetZaxisAngle>
    <GyroStabilizationTime describe="Setting gyro stabilization time" show_url="">设置陀螺稳定时间</GyroStabilizationTime>
    <GyroAutoCalibration describe='Please cancel the check "calibration of automatic gyroscope" when the equipment is rotating at a constant speed' show_url="">设备匀速转动状态下，请取消勾选“自动陀螺仪校准”</GyroAutoCalibration>
    <BandWidth describe="Set bandwidth" show_url="">设置带宽</BandWidth>
    <GPSTimeZone describe="Set GPS time zone" show_url="">设置GPS时区</GPSTimeZone>
    <BaudRate describe="Set communication rate" show_url="">设置通讯速率</BaudRate>
    <OutputRate describe="Setting the return rate" show_url="">设置回传速率</OutputRate>
    <DeviceAddr describe="Modify device address" show_url="">修改设备地址</DeviceAddr>
    <CheckTime describe="Output time or not" show_url="">是否输出时间</CheckTime>
    <CheckAcceleration describe="Output acceleration or not" show_url="">是否输出加速度</CheckAcceleration>
    <CheckVelocity describe="Output angular speed" show_url="">是否输出角速度</CheckVelocity>
    <CheckAngle describe="Output angle or not" show_url="">是否输出角度</CheckAngle>
    <CheckMagnetism describe="Output magnetic field or not" show_url="">是否输出磁场</CheckMagnetism>
    <CheckPort describe="Output port or not" show_url="">是否输出端口</CheckPort>
    <CheckPressure describe="Output air pressure or not" show_url="">是否输出气压</CheckPressure>
    <CheckLocation describe="Output longitude and latitude" show_url="">是否输出经纬度</CheckLocation>
    <CheckPDOP describe="Output ground speed or not" show_url="">是否输出地速</CheckPDOP>
    <CheckQuaternion describe="Output four elements" show_url="">是否输出四元素</CheckQuaternion>
    <CheckPositioningAccuracy describe="Output positioning accuracy" show_url="">是否输出定位精度</CheckPositioningAccuracy>
    <CheckGPSOriginal describe="Output GPS raw data or not" show_url="">是否输出GPS原始数据</CheckGPSOriginal>
    <CheckAngleX describe="" show_url="">是否输出X轴角度</CheckAngleX>
    <CheckAngleY describe="" show_url="">是否输出Y轴角度</CheckAngleY>
    <CheckAngleZ describe="" show_url="">是否输出Z轴角度</CheckAngleZ>
    <D0Model describe="" show_url="">设置D0模式</D0Model>
    <D1Model describe="" show_url="">设置D1模式</D1Model>
    <D2Model describe="" show_url="">设置D2模式</D2Model>
    <D3Model describe="" show_url="">设置D3模式</D3Model>
  </configTipInfo>
  <showmodel explain="产品型号列表">
    <model>
      <name>JY61(100101)</name>
      <lan explain="0=中文;1=英文">0</lan>
      <agreement explain="协议">JY61</agreement>
      <ProductInformation url=""></ProductInformation>
    </model>
    <model>
      <name>JY901(101901)</name>
      <lan>0</lan>
      <agreement>Normal</agreement>
    </model>
    <model>
      <name>WT901(202901)</name>
      <lan>0</lan>
      <agreement>Normal</agreement>
    </model>
    <model>
      <name>WT61(202801)</name>
      <lan>0</lan>
      <agreement>JY61</agreement>
    </model>
    <model>
      <name>JY61P(100801)</name>
      <lan>0</lan>
      <agreement>Normal</agreement>
    </model>
    <model>
      <name>WT31(104001)</name>
      <lan>0</lan>
      <agreement>WT31</agreement>
    </model>
    <model>
      <name>HWT31(2031)</name>
      <lan>0</lan>
      <agreement>HWT31</agreement>
    </model>
    <model>
      <name>温湿度模块(241401)</name>
      <lan>10</lan>
      <agreement></agreement>
    </model>
    <model>
      <name>气压传感器(201601)</name>
      <lan>10</lan>
      <agreement></agreement>
    </model>
    <model>
      <name>JY901B(100601)</name>
      <lan>0</lan>
      <agreement>Normal</agreement>
    </model>
    <model>
      <name>JY61PB(100802)</name>
      <lan>0</lan>
      <agreement>Normal</agreement>
    </model>
    <model>
      <name>WT61CTTL(102501)</name>
      <lan>0</lan>
      <agreement>JY61</agreement>
    </model>
    <model>
      <name>WT61C232(102502)</name>
      <lan>0</lan>
      <agreement>JY61</agreement>
    </model>
    <model>
      <name>WT61PC-TTL(102401)</name>
      <lan>0</lan>
      <agreement>Normal</agreement>
    </model>
    <model>
      <name>WT61PC232(102402)</name>
      <lan>0</lan>
      <agreement>Normal</agreement>
    </model>
    <model>
      <name>WT61PC485(206002)</name>
      <lan>0</lan>
      <agreement>Modbus</agreement>
    </model>
    <model>
      <name>WT901C(TTL)(200101)</name>
      <lan>0</lan>
      <agreement>Normal</agreement>
    </model>
    <model>
      <name>WT901C232(200102)</name>
      <lan>0</lan>
      <agreement>Normal</agreement>
    </model>
    <model>
      <name>WT901C485(206001)</name>
      <lan>0</lan>
      <agreement>Modbus</agreement>
    </model>
    <model>
      <name>WT901BC(TTL)(100701)</name>
      <lan>0</lan>
      <agreement>Normal</agreement>
    </model>
    <model>
      <name>BWT61(102901)</name>
      <lan>0</lan>
      <agreement>JY61</agreement>
    </model>
    <model>
      <name>BWT61P(103201)</name>
      <lan>0</lan>
      <agreement>Normal</agreement>
    </model>
    <model>
      <name>BWT61CL(102001)</name>
      <lan>0</lan>
      <agreement>JY61</agreement>
    </model>
    <model>
      <name>BWT61PCL(204401)</name>
      <lan>0</lan>
      <agreement>Normal</agreement>
    </model>
    <model>
      <name>BWT901CL(100201)</name>
      <lan>0</lan>
      <agreement>Normal</agreement>
    </model>
    <model>
      <name>BWT901BCL(103501)</name>
      <lan>0</lan>
      <agreement>Normal</agreement>
    </model>
    <model>
      <name>SINDT-TTL(206301)</name>
      <lan>0</lan>
      <agreement>Normal</agreement>
    </model>
    <model>
      <name>SINVT-TTL(207801)</name>
      <lan>0</lan>
      <agreement>Normal</agreement>
    </model>
    <model>
      <name>SINIT-TTL(2019513)</name>
      <lan>0</lan>
      <agreement>Normal</agreement>
    </model>
    <model>
      <name>SINET-TTL(100301)</name>
      <lan>0</lan>
      <agreement>Normal</agreement>
    </model>
    <model>
      <name>深松传感器(TTL)(102801)</name>
      <lan>10</lan>
      <agreement>深松上位机</agreement>
    </model>
    <model>
      <name>电梯传感器(TTL)(130401)</name>
      <lan>10</lan>
      <agreement>电梯上位机</agreement>
    </model>
    <model>
      <name>WTGAHRS1(101301)</name>
      <lan>0</lan>
      <agreement>Normal</agreement>
    </model>
    <model>
      <name>WTGAHRS2(101303)</name>
      <lan>0</lan>
      <agreement>Normal</agreement>
    </model>
    <model>
      <name>WTGAHRS4(101301)</name>
      <lan>0</lan>
      <agreement>Normal</agreement>
    </model>
    <model>
      <name>16路舵机控制板(203601)</name>
      <lan>10</lan>
      <agreement>舵机上位机</agreement>
    </model>
    <model>
      <name>SINDT-232(206302)</name>
      <lan>0</lan>
      <agreement>Normal</agreement>
    </model>
    <model>
      <name>HWT901B-232(103802)</name>
      <lan>0</lan>
      <agreement>Normal</agreement>
    </model>
    <model>
      <name>HWT901B-485(103803)</name>
      <lan>0</lan>
      <agreement>Modbus</agreement>
    </model>
    <model>
      <name>SINDT-485(206303)</name>
      <lan>0</lan>
      <agreement>Modbus</agreement>
    </model>
    <model>
      <name>WT901WIFI(1088)</name>
      <lan>2</lan>
      <agreement>WIFI_UDP</agreement>
    </model>
    <model>
      <name>HWT905-485（带温补）(109903)</name>
      <lan>0</lan>
      <agreement>Modbus</agreement>
    </model>
    <model>
      <name>SINRT-232(208002)</name>
      <lan>0</lan>
      <agreement>Normal</agreement>
    </model>
    <model>
      <name>WT901SD模块(105002)</name>
      <lan>0</lan>
      <agreement>Normal</agreement>
    </model>
    <model>
      <name>WT61SD模块(105001)</name>
      <lan>0</lan>
      <agreement>Normal</agreement>
    </model>
    <model>
      <name>WT901BC232(100702)</name>
      <lan>0</lan>
      <agreement>Normal</agreement>
    </model>
    <model>
      <name>WT931(2018716)</name>
      <lan>0</lan>
      <agreement>Normal</agreement>
    </model>
    <model>
      <name>HWT905-232（带温补）(109902)</name>
      <lan>0</lan>
      <agreement>Normal</agreement>
    </model>
    <model>
      <name>SINVT-232(207802)</name>
      <lan>0</lan>
      <agreement>Normal</agreement>
    </model>
    <model>
      <name>SINIT-232(2019510)</name>
      <lan>0</lan>
      <agreement>Normal</agreement>
    </model>
    <model>
      <name>SINET-232(100302)</name>
      <lan>0</lan>
      <agreement>Normal</agreement>
    </model>
    <model>
      <name>深松传感器(232)(102802)</name>
      <lan>10</lan>
      <agreement>深松上位机</agreement>
    </model>
    <model>
      <name>电梯传感器(232)(130402)</name>
      <lan>10</lan>
      <agreement>电梯上位机</agreement>
    </model>
    <model>
      <name>RM3100评估套件(206402)</name>
      <lan>0</lan>
      <agreement>Normal</agreement>
    </model>
    <model>
      <name>HWT605-TTL（带温补）(201910)</name>
      <lan>0</lan>
      <agreement>Normal</agreement>
    </model>
    <model>
      <name>HWT605-232（带温补）(201911)</name>
      <lan>0</lan>
      <agreement>Normal</agreement>
    </model>
    <model>
      <name>BJY901B(103101)</name>
      <lan>0</lan>
      <agreement>Normal</agreement>
    </model>
    <model>
      <name>HWT905-TTL（带温补）(109901)</name>
      <lan>0</lan>
      <agreement>Normal</agreement>
    </model>
    <model>
      <name>WT31N(1041)</name>
      <lan>0</lan>
      <agreement>WT31</agreement>
    </model>
    <model>
      <name>WT31S(2019228)</name>
      <lan>10</lan>
      <agreement>震动上位机</agreement>
    </model>
    <model>
      <name>HWT101(201931)</name>
      <lan>0</lan>
      <agreement>WT101</agreement>
    </model>
    <model>
      <name>HWT901B-CAN(103804)</name>
      <lan>0</lan>
      <agreement>Normal</agreement>
    </model>
    <model>
      <name>HWT905-CAN(109904)</name>
      <lan>0</lan>
      <agreement>Normal</agreement>
    </model>
    <model>
      <name>HWT605-CAN(201913)</name>
      <lan>0</lan>
      <agreement>Normal</agreement>
    </model>
    <model>
      <name>HWT605-485(201912)</name>
      <lan>0</lan>
      <agreement>Modbus</agreement>
    </model>
    <model>
      <name>WIT-IMU(20195101)</name>
      <lan>0</lan>
      <agreement>GPSIMU上位机</agreement>
    </model>
    <model>
      <name>HWT101DT-TTL(2019527)</name>
      <lan>0</lan>
      <agreement>WT101</agreement>
    </model>
    <model>
      <name>HWT101DT-232(201952701)</name>
      <lan>0</lan>
      <agreement>WT101</agreement>
    </model>
    <model>
      <name>HWT101DT-485(201952702)</name>
      <lan>0</lan>
      <agreement>Modbus_WT101</agreement>
    </model>
    <model>
      <name>WT901LORA(2019516)</name>
      <lan>10</lan>
      <agreement>Lora上位机</agreement>
    </model>
    <model>
      <name>WT902(201973)</name>
      <lan>0</lan>
      <agreement>Normal</agreement>
    </model>
    <model>
      <name>WT35(2019731)</name>
      <lan>10</lan>
      <agreement>WT35上位机</agreement>
    </model>
    <model>
      <name>5.0适配器(2019094)</name>
      <lan>10</lan>
      <agreement>蓝牙5.0上位机</agreement>
    </model>
    <model>
      <name>JY60(101701)</name>
      <lan>0</lan>
      <agreement>JY61</agreement>
    </model>
    <model>
      <name>JY62(101702)</name>
      <lan>0</lan>
      <agreement>JY61</agreement>
    </model>
    <model>
      <name>JY230(1028)</name>
      <lan>10</lan>
      <agreement>JY230上位机</agreement>
    </model>
    <model>
      <name>WT61LTE(20191031)</name>
      <lan>10</lan>
      <agreement>4G上位机</agreement>
    </model>
    <model>
      <name>WT901SDCL(201910311)</name>
      <lan>0</lan>
      <agreement>Normal</agreement>
    </model>
    <model>
      <name>WT61NP(201910312)</name>
      <lan>2</lan>
      <agreement>WIFI_UDP</agreement>
    </model>
    <model>
      <name>光照度模块BH1750(20191141)</name>
      <lan>10</lan>
      <agreement>BH1750上位机</agreement>
    </model>
    <model>
      <name>温湿度模块SHT30(2019114)</name>
      <lan>10</lan>
      <agreement>SHT30上位机</agreement>
    </model>
    <model>
      <name>空气质量传感器(911141)</name>
      <lan>10</lan>
      <agreement>CCS811上位机</agreement>
    </model>
    <model>
      <name>WTGPS-200(191231)</name>
      <lan>10</lan>
      <agreement>GPSIMU上位机</agreement>
    </model>
    <model>
      <name>WT901NB+SIM卡(201217)</name>
      <lan>10</lan>
      <agreement>NB上位机</agreement>
    </model>
    <model>
      <name>WT31N-E(E10001)</name>
      <lan>1</lan>
      <agreement>WT31</agreement>
    </model>
    <model>
      <name>HWT31-E(E10002)</name>
      <lan>1</lan>
      <agreement>HWT31</agreement>
    </model>
    <model>
      <name>WT61(JY61)-E(E10003)</name>
      <lan>1</lan>
      <agreement>JY61</agreement>
    </model>
    <model>
      <name>WT901SD-E(E10005)</name>
      <lan>1</lan>
      <agreement>Normal</agreement>
    </model>
    <model>
      <name>WT931 Evaluation Board-E(E10008)</name>
      <lan>1</lan>
      <agreement>Normal</agreement>
    </model>
    <model>
      <name>WT901CTTL-E(E10009)</name>
      <lan>1</lan>
      <agreement>Normal</agreement>
    </model>
    <model>
      <name>WT901C232-E(E10010)</name>
      <lan>1</lan>
      <agreement>Normal</agreement>
    </model>
    <model>
      <name>WT901C485-E(E10011)</name>
      <lan>1</lan>
      <agreement>Modbus</agreement>
    </model>
    <model>
      <name>BWT61-E(E10012)</name>
      <lan>1</lan>
      <agreement>JY61</agreement>
    </model>
    <model>
      <name>BWT61CL-E(E10013)</name>
      <lan>1</lan>
      <agreement>JY61</agreement>
    </model>
    <model>
      <name>BWT901CL-E(E10014)</name>
      <lan>1</lan>
      <agreement>Normal</agreement>
    </model>
    <model>
      <name>WT901WIFI-E(E10018)</name>
      <lan>1</lan>
      <agreement>WIFI_UDP</agreement>
    </model>
    <model>
      <name>HWT901B(RS485)-E(E10020)</name>
      <lan>1</lan>
      <agreement>Modbus</agreement>
    </model>
    <model>
      <name>SINDT(RS485)-E(E10021)</name>
      <lan>1</lan>
      <agreement>Modbus</agreement>
    </model>
    <model>
      <name>SINDT(TTL)-E(E-10022)</name>
      <lan>1</lan>
      <agreement>Normal</agreement>
    </model>
    <model>
      <name>SINRT(RS232)-E(E10024)</name>
      <lan>1</lan>
      <agreement>Normal</agreement>
    </model>
    <model>
      <name>SINVT(TTL)-E(E10026)</name>
      <lan>1</lan>
      <agreement>Normal</agreement>
    </model>
    <model>
      <name>HWT905(TTL)-E(E10027)</name>
      <lan>1</lan>
      <agreement>Normal</agreement>
    </model>
    <model>
      <name>WTGAHRS1-E(E10028)</name>
      <lan>1</lan>
      <agreement>Normal</agreement>
    </model>
    <model>
      <name>WTGAHRS2-E(E10029)</name>
      <lan>1</lan>
      <agreement>Normal</agreement>
    </model>
    <model>
      <name>WTGAHRS4-E(E10029)</name>
      <lan>1</lan>
      <agreement>Normal</agreement>
    </model>
    <model>
      <name>16 Servo Drive-E(E10033)</name>
      <lan>10</lan>
      <agreement>舵机上位机 版</agreement>
    </model>
    <model>
      <name>BWT901-E(E10038)</name>
      <lan>1</lan>
      <agreement>Normal</agreement>
    </model>
    <model>
      <name>BWT901-E(E10038)</name>
      <lan>1</lan>
      <agreement>Normal</agreement>
    </model>
    <model>
      <name>WT61CRS232-E(E10040)</name>
      <lan>1</lan>
      <agreement>JY61</agreement>
    </model>
    <model>
      <name>HWT905 RS485-E(E10043)</name>
      <lan>1</lan>
      <agreement>Modbus</agreement>
    </model>
    <model>
      <name>HWT905 RS232-E(E10044)</name>
      <lan>1</lan>
      <agreement>Normal</agreement>
    </model>
    <model>
      <name>HWT901B RS232-E(E10045)</name>
      <lan>1</lan>
      <agreement>Normal</agreement>
    </model>
    <model>
      <name>SINDTRS232-E(E10046)</name>
      <lan>1</lan>
      <agreement>Normal</agreement>
    </model>
    <model>
      <name>WT901B-E(E10048)</name>
      <lan>1</lan>
      <agreement>Normal</agreement>
    </model>
    <model>
      <name>SINVTRS232-E(E10052)</name>
      <lan>1</lan>
      <agreement>Normal</agreement>
    </model>
    <model>
      <name>HWT9053(202014)</name>
      <lan>2</lan>
      <agreement>Modbus</agreement>
    </model>
    <model>
      <name>HWT9052(202013)</name>
      <lan>2</lan>
      <agreement>Modbus</agreement>
    </model>
  </showmodel>
</regstore>